{
  "featureOrder": [
    "url_length",
    "num_dots",
    "num_hyphens",
    "num_digits",
    "num_subdomains",
    "has_at_symbol",
    "has_ip",
    "is_shortener",
    "suspicious_word_count",
    "brand_mentioned_wrong_domain",
    "path_length",
    "domain_entropy",
    "digit_ratio"
  ],
  "scalerMean": [
    46.148263027295286,
    1.8920595533498759,
    0.2425558312655087,
    0.4795285359801489,
    0.892059553349876,
    0.0012406947890818859,
    0.006823821339950372,
    0.013027295285359801,
    0.14392059553349876,
    0.016129032258064516,
    20.1197270471464,
    3.3923732697090583,
    0.022590606917672864
  ],
  "scalerScale": [
    23.18037435089094,
    0.8204952062932261,
    0.8980820029951349,
    1.6999351253289348,
    0.8204952062932263,
    0.035201640097050145,
    0.08232409612179734,
    0.11339129094823583,
    0.423129676604543,
    0.12597176896623735,
    21.681084205649086,
    0.37955143443375167,
    0.0852840148878935
  ],
  "coefficients": [
    3.277156540442467,
    -0.8714972080479906,
    0.7894860079136116,
    2.609772577902568,
    -0.8714972080479889,
    0.04904580993887647,
    0.06110937068724151,
    0.6916088237558669,
    0.5216220600114615,
    0.20742505655864493,
    -1.6529651366023566,
    -0.21909986424479116,
    -0.42006094318890846
  ],
  "intercept": 0.6414809977973358,
  "metrics": {
    "accuracy": 0.8362,
    "precision": 0.8454,
    "recall": 0.82,
    "f1": 0.8325,
    "trainedOn": 2015,
    "testSetSize": 403
  }
}